<?xml version="1.0" encoding="UTF-8"?><edificio tipo="M" versao="7.9.2"><gravado>false</gravado><nEdificio>H471248</nEdificio><coordX>-49.2438287</coordX><coordY>-16.8209709</coordY><codigoZona>GO-GNA-ACG-CEOS-01</codigoZona><nomeZona>GO-GNA-ACG-CEOS-01</nomeZona><localidade>APARECIDA DE GOIANIA</localidade><enderecoEdificio><id>44327876</id><logradouro>RUA S BERNARDO, S CENTRAL, APARECIDA DE GOIANIA- APARECIDA DE GOIANIA - GO (2600136810)</logradouro><numero_fachada>SN</numero_fachada><id_complemento1>85</id_complemento1><argumento1>4</argumento1><id_complemento2>60</id_complemento2><argumento2>8</argumento2><id_complemento3>22</id_complemento3><argumento3>5</argumento3><cep>74980090</cep><bairro>S CENTRAL</bairro><id_roteiro>6675559</id_roteiro><id_localidade>1891601</id_localidade><cod_lograd>2600136810</cod_lograd></enderecoEdificio><tecnico><id>1828772688</id><nome>NADIA CAROLINE</nome></tecnico><empresa><id>42541126</id><nome>TELEMONT</nome></empresa><data>20250912154600</data><totalUCs>1</totalUCs><ocupacao>EDIFICACAOCOMPLETA</ocupacao><numPisos>1</numPisos><destinacao>RESIDENCIA</destinacao></edificio>