<?xml version="1.0" encoding="UTF-8"?><edificio tipo="M" versao="7.9.2"><gravado>false</gravado><nEdificio>H1175049</nEdificio><coordX>-49.241995</coordX><coordY>-16.8217886</coordY><codigoZona>GO-GNA-ACG-CEOS-135</codigoZona><nomeZona>GO-GNA-ACG-CEOS-135</nomeZona><localidade>APARECIDA DE GOIANIA</localidade><enderecoEdificio><id>77293163</id><logradouro>RUA S DOMINGOS, SETOR CENTRAL, APARECIDA DE GOIANIA- APARECIDA DE GOIANIA - GO (2608758980)</logradouro><numero_fachada>SN</numero_fachada><id_complemento1>85</id_complemento1><argumento1>5</argumento1><id_complemento2>60</id_complemento2><argumento2>2</argumento2><id_complemento3>96</id_complemento3><argumento3>2</argumento3><cep>74980114</cep><bairro>SETOR CENTRAL</bairro><id_roteiro>62963415</id_roteiro><id_localidade>1891601</id_localidade><cod_lograd>2608758980</cod_lograd></enderecoEdificio><tecnico><id>1828772688</id><nome>NADIA CAROLINE</nome></tecnico><empresa><id>42541126</id><nome>TELEMONT</nome></empresa><data>20250912153431</data><totalUCs>1</totalUCs><ocupacao>EDIFICACAOCOMPLETA</ocupacao><numPisos>1</numPisos><destinacao>COMERCIO</destinacao></edificio>