<?xml version="1.0" encoding="UTF-8"?><edificio tipo="M" versao="7.9.2"><gravado>false</gravado><nEdificio>H373565</nEdificio><coordX>-49.2257848</coordX><coordY>-16.8297975</coordY><codigoZona>GO-GNA-ACG-CEOS-29</codigoZona><nomeZona>GO-GNA-ACG-CEOS-29</nomeZona><localidade>APARECIDA DE GOIANIA</localidade><enderecoEdificio><id>37600046</id><logradouro>RUA TAMOIOS, INTERNACIONAL PARK, APARECIDA DE GOIANIA- APARECIDA DE GOIANIA - GO (2600282810)</logradouro><numero_fachada>SN</numero_fachada><id_complemento1>85</id_complemento1><argumento1>14</argumento1><id_complemento2>60</id_complemento2><argumento2>16</argumento2><id_complemento3>22</id_complemento3><argumento3>4</argumento3><cep>74987015</cep><bairro>INTERNACIONAL PARK</bairro><id_roteiro>92979521</id_roteiro><id_localidade>1891601</id_localidade><cod_lograd>2600282810</cod_lograd></enderecoEdificio><tecnico><id>1828772688</id><nome>NADIA CAROLINE</nome></tecnico><empresa><id>42541126</id><nome>TELEMONT</nome></empresa><data>20250912153431</data><totalUCs>1</totalUCs><ocupacao>EDIFICACAOCOMPLETA</ocupacao><numPisos>1</numPisos><destinacao>RESIDENCIA</destinacao></edificio>