<?xml version="1.0" encoding="UTF-8"?><edificio tipo="M" versao="7.9.2"><gravado>false</gravado><nEdificio>H471259</nEdificio><coordX>-49.2426507</coordX><coordY>-16.8208349</coordY><codigoZona>GO-GNA-ACG-CEOS-01</codigoZona><nomeZona>GO-GNA-ACG-CEOS-01</nomeZona><localidade>APARECIDA DE GOIANIA</localidade><enderecoEdificio><id>44327929</id><logradouro>RUA ERNESTO LUIZ FURTADO, S CENTRAL, APARECIDA DE GOIANIA- APARECIDA DE GOIANIA - GO (2600138510)</logradouro><numero_fachada>SN</numero_fachada><id_complemento1>85</id_complemento1><argumento1>5</argumento1><id_complemento2>60</id_complemento2><argumento2>1</argumento2><id_complemento3>22</id_complemento3><argumento3>2</argumento3><cep>74980035</cep><bairro>S CENTRAL</bairro><id_roteiro>6396573</id_roteiro><id_localidade>1891601</id_localidade><cod_lograd>2600138510</cod_lograd></enderecoEdificio><tecnico><id>1828772688</id><nome>NADIA CAROLINE</nome></tecnico><empresa><id>42541126</id><nome>TELEMONT</nome></empresa><data>20250912101709</data><totalUCs>1</totalUCs><ocupacao>EDIFICACAOCOMPLETA</ocupacao><destinacao>RESIDENCIA</destinacao><numPisos>1</numPisos></edificio>