<?xml version="1.0" encoding="UTF-8"?><edificio tipo="M" versao="7.9.2"><gravado>false</gravado><nEdificio>H471204</nEdificio><coordX>-49.2441354</coordX><coordY>-16.8216008</coordY><codigoZona>GO-GNA-ACG-CEOS-01</codigoZona><nomeZona>GO-GNA-ACG-CEOS-01</nomeZona><localidade>APARECIDA DE GOIANIA</localidade><enderecoEdificio><id>44327765</id><logradouro>RUA JOSE CANDIDO QUEIROZ, SETOR CENTRAL, APARECIDA DE GOIANIA- APARECIDA DE GOIANIA - GO (2600138350)</logradouro><numero_fachada>SN</numero_fachada><id_complemento1>85</id_complemento1><argumento1>7</argumento1><id_complemento2>60</id_complemento2><argumento2>4B</argumento2><id_complemento3>22</id_complemento3><argumento3>3</argumento3><cep>74980070</cep><bairro>SETOR CENTRAL</bairro><id_roteiro>57292678</id_roteiro><id_localidade>1891601</id_localidade><cod_lograd>2600138350</cod_lograd></enderecoEdificio><tecnico><id>1828772688</id><nome>NADIA CAROLINE</nome></tecnico><empresa><id>42541126</id><nome>TELEMONT</nome></empresa><data>20250912154600</data><totalUCs>1</totalUCs><ocupacao>EDIFICACAOCOMPLETA</ocupacao><numPisos>1</numPisos><destinacao>RESIDENCIA</destinacao></edificio>