<?xml version="1.0" encoding="UTF-8"?><edificio tipo="M" versao="7.9.2"><gravado>false</gravado><nEdificio>H1174706</nEdificio><coordX>-49.2459662</coordX><coordY>-16.8221401</coordY><codigoZona>GO-GNA-ACG-CEOS-2</codigoZona><nomeZona>GO-GNA-ACG-CEOS-2</nomeZona><localidade>APARECIDA DE GOIANIA</localidade><enderecoEdificio><id>77291291</id><logradouro>RUA JOAO BATISTA DE TOLEDO, SETOR CENTRAL, APARECIDA DE GOIANIA- APARECIDA DE GOIANIA - GO (2605789240)</logradouro><numero_fachada>SN</numero_fachada><id_complemento1>85</id_complemento1><argumento1>12</argumento1><id_complemento2>60</id_complemento2><argumento2>1</argumento2><id_complemento3>22</id_complemento3><argumento3>3</argumento3><cep>74980060</cep><bairro>SETOR CENTRAL</bairro><id_roteiro>32088527</id_roteiro><id_localidade>1891601</id_localidade><cod_lograd>2605789240</cod_lograd></enderecoEdificio><tecnico><id>1828772688</id><nome>NADIA CAROLINE</nome></tecnico><empresa><id>42541126</id><nome>TELEMONT</nome></empresa><data>20250912154738</data><totalUCs>1</totalUCs><ocupacao>EDIFICACAOCOMPLETA</ocupacao><numPisos>1</numPisos><destinacao>RESIDENCIA</destinacao></edificio>