<?xml version="1.0" encoding="UTF-8"?><edificio tipo="M" versao="7.9.2"><gravado>false</gravado><nEdificio>H1336855</nEdificio><coordX>-49.2452546</coordX><coordY>-16.8215501</coordY><codigoZona>GO-GNA-ACG-CEOS-2</codigoZona><nomeZona>GO-GNA-ACG-CEOS-2</nomeZona><localidade>APARECIDA DE GOIANIA</localidade><enderecoEdificio><id>89422122</id><logradouro>RUA BENEDITO BATISTA DE TOLEDO, SETOR CENTRAL, APARECIDA DE GOIANIA- APARECIDA DE GOIANIA - GO (2600184490)</logradouro><numero_fachada>SN</numero_fachada><id_complemento1>85</id_complemento1><argumento1>8</argumento1><id_complemento2>60</id_complemento2><argumento2>5</argumento2><id_complemento3>22</id_complemento3><argumento3>3</argumento3><cep>74980040</cep><bairro>SETOR CENTRAL</bairro><id_roteiro>6324161</id_roteiro><id_localidade>1891601</id_localidade><cod_lograd>2600184490</cod_lograd></enderecoEdificio><tecnico><id>1828772688</id><nome>NADIA CAROLINE</nome></tecnico><empresa><id>42541126</id><nome>TELEMONT</nome></empresa><data>20250912154739</data><totalUCs>1</totalUCs><ocupacao>EDIFICACAOCOMPLETA</ocupacao><numPisos>1</numPisos><destinacao>RESIDENCIA</destinacao></edificio>